{"indexes":[{"v":{"$numberInt":"2"},"key":{"_id":{"$numberInt":"1"}},"name":"_id_"},{"v":{"$numberInt":"2"},"key":{"services.resume.haveLoginTokensToDelete":{"$numberInt":"1"}},"name":"services.resume.haveLoginTokensToDelete_1","sparse":true},{"v":{"$numberInt":"2"},"key":{"emails.address":{"$numberInt":"1"}},"name":"emails.address_1","unique":true,"sparse":true},{"v":{"$numberInt":"2"},"key":{"services.password.enroll.when":{"$numberInt":"1"}},"name":"services.password.enroll.when_1","sparse":true},{"v":{"$numberInt":"2"},"key":{"services.password.reset.when":{"$numberInt":"1"}},"name":"services.password.reset.when_1","sparse":true},{"v":{"$numberInt":"2"},"key":{"services.password.reset.token":{"$numberInt":"1"}},"name":"services.password.reset.token_1","unique":true,"sparse":true},{"v":{"$numberInt":"2"},"key":{"services.resume.loginTokens.token":{"$numberInt":"1"}},"name":"services.resume.loginTokens.token_1","unique":true,"sparse":true},{"v":{"$numberInt":"2"},"key":{"services.password.enroll.token":{"$numberInt":"1"}},"name":"services.password.enroll.token_1","unique":true,"sparse":true},{"v":{"$numberInt":"2"},"key":{"username":{"$numberInt":"1"}},"name":"username_1","unique":true,"sparse":true},{"v":{"$numberInt":"2"},"key":{"services.resume.loginTokens.hashedToken":{"$numberInt":"1"}},"name":"services.resume.loginTokens.hashedToken_1","unique":true,"sparse":true},{"v":{"$numberInt":"2"},"key":{"services.email.verificationTokens.token":{"$numberInt":"1"}},"name":"services.email.verificationTokens.token_1","unique":true,"sparse":true},{"v":{"$numberInt":"2"},"key":{"services.resume.loginTokens.when":{"$numberInt":"1"}},"name":"services.resume.loginTokens.when_1","sparse":true}],"uuid":"9c3687bedf19448cb2954c51f5d0672e","collectionName":"users","type":"collection"}